{
    "$schema": "https://schema.management.azure.com/schemas/2019-04-01/deploymentTemplate.json#",
    "contentVersion": "1.0.0.0",
    "parameters": {
        "virtualMachines_AzVMLogAnalytics_name": {
            "defaultValue": "AzVMLogAnalytics",
            "type": "String"
        },
        "disks_AzVMLogAnalytics_OsDisk_1_2f164b4e59f142ef9390af9cb97d505f_externalid": {
            "defaultValue": "/subscriptions/459c5e0c-ec10-4d4b-9457-32c17ee004f8/resourceGroups/WiproLab01/providers/Microsoft.Compute/disks/AzVMLogAnalytics_OsDisk_1_2f164b4e59f142ef9390af9cb97d505f",
            "type": "String"
        },
        "networkInterfaces_azvmloganalytics589_externalid": {
            "defaultValue": "/subscriptions/459c5e0c-ec10-4d4b-9457-32c17ee004f8/resourceGroups/WiproLab01/providers/Microsoft.Network/networkInterfaces/azvmloganalytics589",
            "type": "String"
        }
    },
    "variables": {},
    "resources": [
        {
            "type": "Microsoft.Compute/virtualMachines",
            "apiVersion": "2021-03-01",
            "name": "[parameters('virtualMachines_AzVMLogAnalytics_name')]",
            "location": "centralindia",
            "tags": {
                "env": "Labs"
            },
            "identity": {
                "principalId": "fe0f08da-93d6-48b8-aa5a-3eb97a063efb",
                "tenantId": "fe80bb76-0093-4d3e-90fe-d6a24c8af069",
                "type": "SystemAssigned"
            },
            "properties": {
                "hardwareProfile": {
                    "vmSize": "Standard_B2s"
                },
                "storageProfile": {
                    "imageReference": {
                        "publisher": "MicrosoftWindowsDesktop",
                        "offer": "Windows-10",
                        "sku": "20h2-pro",
                        "version": "latest"
                    },
                    "osDisk": {
                        "osType": "Windows",
                        "name": "[concat(parameters('virtualMachines_AzVMLogAnalytics_name'), '_OsDisk_1_2f164b4e59f142ef9390af9cb97d505f')]",
                        "createOption": "FromImage",
                        "caching": "ReadWrite",
                        "managedDisk": {
                            "storageAccountType": "Standard_LRS",
                            "id": "[parameters('disks_AzVMLogAnalytics_OsDisk_1_2f164b4e59f142ef9390af9cb97d505f_externalid')]"
                        },
                        "diskSizeGB": 127
                    },
                    "dataDisks": []
                },
                "osProfile": {
                    "computerName": "AzVMLogAnalytic",
                    "adminUsername": "shekar",
                    "windowsConfiguration": {
                        "provisionVMAgent": true,
                        "enableAutomaticUpdates": true,
                        "patchSettings": {
                            "patchMode": "AutomaticByOS",
                            "assessmentMode": "ImageDefault",
                            "enableHotpatching": false
                        }
                    },
                    "secrets": [],
                    "allowExtensionOperations": true,
                    "requireGuestProvisionSignal": true
                },
                "networkProfile": {
                    "networkInterfaces": [
                        {
                            "id": "[parameters('networkInterfaces_azvmloganalytics589_externalid')]"
                        }
                    ]
                },
                "diagnosticsProfile": {
                    "bootDiagnostics": {
                        "enabled": true
                    }
                },
                "licenseType": "Windows_Client"
            }
        }
    ]
}